{
    "1": {
        "dynamic_gaze_thresholds": {
            "EAR_THRESHOLD_BLINK": 0.18,
            "PARTIAL_SHUT_EAR_DOWN_THRESHOLD": 0.26420319418588567,
            "PARTIAL_SHUT_EAR_CENTER_THRESHOLD": 0.29722859345912134,
            "GAZE_H_LEFT_THRESHOLD": 0.43856096680027384,
            "GAZE_H_CENTER_FROM_LEFT_THRESHOLD": 0.4685609668002738,
            "GAZE_H_RIGHT_THRESHOLD": 0.5385609668002739,
            "GAZE_H_CENTER_FROM_RIGHT_THRESHOLD": 0.5085609668002739,
            "GAZE_V_UP_THRESHOLD": 0.37724810187232805
        },
        "reference_iod_store": {
            "value": 220.27482833950864
        },
        "calibrated_focal_length": 2128.6087138526286
    }
}